Producto interno bruto por entidad federativa y tipo de actividad,,,,,,,,,,,,,,,,
Unidad de medida:Millones de pesos a precios de 2013.,,,,,,,,,,,,,,,,
Periodicidad: Anual,,,,,,,,,,,,,,,,
,,,,,,,,,,,,,,,,
Actividad económica,Entidad,Concepto,2003,2004,2005,2006,2007,2008,2009,2010,2011,2012,2013,2014,2015p/,2016
Total de la actividad económica,Total nacional ,Total nacional -Total de la actividad económica," 12,559,105 "," 13,050,687 "," 13,347,722 "," 13,931,384 "," 14,254,464 "," 14,402,757 "," 13,648,547 "," 14,352,401 "," 14,875,797 "," 15,430,993 "," 15,642,620 "," 16,067,780 "," 16,573,100 "," 17,028,177 "
Total de la actividad económica,Aguascalientes ,Aguascalientes -Total de la actividad económica," 121,198 "," 126,554 "," 129,628 "," 138,112 "," 150,305 "," 150,950 "," 143,254 "," 152,205 "," 158,934 "," 167,706 "," 172,820 "," 192,080 "," 197,911 "," 216,703 "
Total de la actividad económica,Baja California ,Baja California -Total de la actividad económica," 399,515 "," 423,005 "," 433,008 "," 456,019 "," 461,581 "," 457,557 "," 407,746 "," 428,163 "," 440,701 "," 456,024 "," 465,525 "," 474,522 "," 506,093 "," 524,405 "
Total de la actividad económica,Baja California Sur ,Baja California Sur -Total de la actividad económica," 76,048 "," 81,546 "," 87,398 "," 93,656 "," 106,199 "," 108,975 "," 108,339 "," 110,656 "," 114,708 "," 117,346 "," 115,028 "," 114,169 "," 130,296 "," 133,147 "
Total de la actividad económica,Campeche ,Campeche -Total de la actividad económica," 1,047,511 "," 1,059,561 "," 1,038,534 "," 1,014,280 "," 947,575 "," 867,231 "," 780,757 "," 753,969 "," 726,504 "," 714,787 "," 721,085 "," 686,747 "," 638,083 "," 600,771 "
Total de la actividad económica,Coahuila de Zaragoza ,Coahuila de Zaragoza -Total de la actividad económica," 436,574 "," 449,144 "," 458,868 "," 480,488 "," 500,479 "," 498,327 "," 421,327 "," 489,952 "," 523,207 "," 549,552 "," 538,207 "," 566,409 "," 573,496 "," 583,873 "
Total de la actividad económica,Colima ,Colima -Total de la actividad económica," 67,733 "," 67,794 "," 68,258 "," 72,534 "," 77,526 "," 78,954 "," 76,447 "," 81,992 "," 87,945 "," 90,540 "," 91,422 "," 93,679 "," 95,850 "," 101,336 "
Total de la actividad económica,Chiapas ,Chiapas -Total de la actividad económica," 248,123 "," 238,376 "," 240,280 "," 248,414 "," 252,536 "," 258,290 "," 256,698 "," 270,989 "," 279,447 "," 284,734 "," 280,925 "," 294,769 "," 291,842 "," 288,692 "
Total de la actividad económica,Chihuahua ,Chihuahua -Total de la actividad económica," 360,427 "," 376,663 "," 389,211 "," 419,632 "," 434,650 "," 440,793 "," 401,079 "," 417,796 "," 427,430 "," 459,166 "," 476,290 "," 486,651 "," 513,199 "," 539,144 "
Total de la actividad económica,Ciudad de México ,Ciudad de México -Total de la actividad económica," 2,132,929 "," 2,226,950 "," 2,258,092 "," 2,374,723 "," 2,408,566 "," 2,450,391 "," 2,362,516 "," 2,446,910 "," 2,533,807 "," 2,633,935 "," 2,673,066 "," 2,736,587 "," 2,842,349 "," 2,974,071 "
Total de la actividad económica,Durango ,Durango -Total de la actividad económica," 152,923 "," 157,662 "," 155,002 "," 160,388 "," 162,710 "," 165,723 "," 163,084 "," 169,268 "," 176,315 "," 182,943 "," 189,053 "," 193,974 "," 195,841 "," 202,998 "
Total de la actividad económica,Guanajuato ,Guanajuato -Total de la actividad económica," 438,354 "," 450,953 "," 454,626 "," 477,647 "," 488,730 "," 503,024 "," 481,675 "," 517,169 "," 548,163 "," 570,922 "," 594,576 "," 623,184 "," 661,819 "," 691,613 "
Total de la actividad económica,Guerrero ,Guerrero -Total de la actividad económica," 182,714 "," 192,558 "," 195,220 "," 199,541 "," 204,880 "," 208,285 "," 201,239 "," 211,891 "," 214,478 "," 218,118 "," 218,811 "," 228,386 "," 232,053 "," 238,468 "
Total de la actividad económica,Hidalgo ,Hidalgo -Total de la actividad económica," 179,553 "," 191,550 "," 190,074 "," 195,405 "," 201,655 "," 208,800 "," 195,581 "," 206,304 "," 214,569 "," 222,797 "," 230,983 "," 241,450 "," 254,171 "," 264,242 "
Total de la actividad económica,Jalisco ,Jalisco -Total de la actividad económica," 794,957 "," 819,238 "," 842,129 "," 886,010 "," 913,140 "," 918,573 "," 870,319 "," 925,372 "," 953,148 "," 995,286 "," 1,018,579 "," 1,061,952 "," 1,109,591 "," 1,161,406 "
Total de la actividad económica,México ,México -Total de la actividad económica," 1,048,404 "," 1,073,841 "," 1,099,377 "," 1,150,702 "," 1,184,658 "," 1,198,144 "," 1,138,728 "," 1,226,814 "," 1,283,448 "," 1,339,995 "," 1,365,154 "," 1,402,021 "," 1,436,487 "," 1,478,587 "
Total de la actividad económica,Michoacán de Ocampo ,Michoacán de Ocampo -Total de la actividad económica," 294,468 "," 301,022 "," 306,026 "," 320,451 "," 328,272 "," 334,658 "," 317,003 "," 329,767 "," 343,276 "," 352,030 "," 359,466 "," 382,198 "," 390,600 "," 406,185 "
Total de la actividad económica,Morelos ,Morelos -Total de la actividad económica," 158,056 "," 159,735 "," 171,279 "," 168,178 "," 169,325 "," 169,673 "," 168,348 "," 174,984 "," 174,678 "," 175,718 "," 182,126 "," 184,145 "," 186,828 "," 191,797 "
Total de la actividad económica,Nayarit ,Nayarit -Total de la actividad económica," 76,105 "," 86,879 "," 90,270 "," 92,166 "," 91,675 "," 98,293 "," 93,038 "," 97,786 "," 100,704 "," 100,800 "," 103,627 "," 109,789 "," 114,977 "," 119,106 "
Total de la actividad económica,Nuevo León ,Nuevo León -Total de la actividad económica," 803,889 "," 849,842 "," 885,439 "," 946,838 "," 1,004,637 "," 1,020,367 "," 952,726 "," 1,025,184 "," 1,069,812 "," 1,113,818 "," 1,125,000 "," 1,162,972 "," 1,212,121 "," 1,228,744 "
Total de la actividad económica,Oaxaca ,Oaxaca -Total de la actividad económica," 202,964 "," 210,757 "," 213,677 "," 218,024 "," 219,815 "," 226,634 "," 224,511 "," 228,089 "," 234,956 "," 239,680 "," 245,516 "," 249,653 "," 259,566 "," 257,146 "
Total de la actividad económica,Puebla ,Puebla -Total de la actividad económica," 395,907 "," 405,908 "," 428,179 "," 447,201 "," 465,819 "," 468,969 "," 432,579 "," 469,968 "," 493,353 "," 524,226 "," 519,257 "," 526,426 "," 541,203 "," 557,877 "
Total de la actividad económica,Querétaro ,Querétaro -Total de la actividad económica," 212,107 "," 227,917 "," 243,311 "," 258,448 "," 271,622 "," 278,348 "," 270,311 "," 287,403 "," 308,865 "," 318,294 "," 319,990 "," 346,401 "," 372,046 "," 385,622 "
Total de la actividad económica,Quintana Roo ,Quintana Roo -Total de la actividad económica," 144,233 "," 156,942 "," 163,682 "," 174,365 "," 192,905 "," 203,019 "," 185,672 "," 195,149 "," 206,054 "," 215,710 "," 225,273 "," 232,945 "," 244,139 "," 262,760 "
Total de la actividad económica,San Luis Potosí ,San Luis Potosí -Total de la actividad económica," 224,280 "," 237,464 "," 247,240 "," 258,649 "," 264,316 "," 270,024 "," 255,846 "," 269,397 "," 283,882 "," 297,294 "," 307,896 "," 314,832 "," 331,993 "," 346,378 "
Total de la actividad económica,Sinaloa ,Sinaloa -Total de la actividad económica," 268,247 "," 284,659 "," 285,708 "," 294,952 "," 305,623 "," 316,381 "," 303,066 "," 312,655 "," 318,763 "," 330,191 "," 334,097 "," 340,782 "," 361,353 "," 381,109 "
Total de la actividad económica,Sonora ,Sonora -Total de la actividad económica," 365,534 "," 384,484 "," 404,881 "," 429,625 "," 435,397 "," 436,717 "," 410,374 "," 431,502 "," 471,510 "," 495,926 "," 510,316 "," 520,660 "," 539,830 "," 570,174 "
Total de la actividad económica,Tabasco ,Tabasco -Total de la actividad económica," 374,891 "," 391,243 "," 421,080 "," 445,310 "," 454,079 "," 475,203 "," 495,944 "," 525,012 "," 549,751 "," 564,004 "," 553,628 "," 562,849 "," 558,931 "," 523,613 "
Total de la actividad económica,Tamaulipas ,Tamaulipas -Total de la actividad económica," 391,574 "," 410,113 "," 436,491 "," 449,609 "," 464,008 "," 483,351 "," 439,739 "," 448,215 "," 456,769 "," 466,371 "," 473,241 "," 480,357 "," 493,110 "," 489,100 "
Total de la actividad económica,Tlaxcala ,Tlaxcala -Total de la actividad económica," 83,254 "," 89,790 "," 79,279 "," 77,890 "," 79,020 "," 83,247 "," 81,740 "," 88,810 "," 86,032 "," 89,919 "," 87,658 "," 90,813 "," 96,926 "," 97,665 "
Total de la actividad económica,Veracruz de Ignacio de la Llave ,Veracruz de Ignacio de la Llave -Total de la actividad económica," 613,590 "," 643,859 "," 648,906 "," 684,557 "," 705,609 "," 704,314 "," 688,981 "," 718,149 "," 746,818 "," 779,730 "," 781,357 "," 787,053 "," 799,006 "," 811,543 "
Total de la actividad económica,Yucatán ,Yucatán -Total de la actividad económica," 161,636 "," 169,014 "," 176,908 "," 185,463 "," 191,217 "," 193,159 "," 189,365 "," 196,150 "," 202,894 "," 214,701 "," 215,788 "," 223,750 "," 233,104 "," 242,005 "
Total de la actividad económica,Zacatecas ,Zacatecas -Total de la actividad económica," 101,406 "," 105,665 "," 105,661 "," 112,108 "," 115,935 "," 126,384 "," 130,512 "," 144,731 "," 144,877 "," 148,729 "," 146,859 "," 155,574 "," 158,286 "," 157,898 "
Actividades primarias,Total nacional ,Total nacional -Actividades primarias," 445,468 "," 455,971 "," 439,349 "," 466,936 "," 486,682 "," 486,465 "," 476,156 "," 488,029 "," 469,662 "," 499,516 "," 510,906 "," 530,221 "," 541,200 "," 561,603 "
Actividades primarias,Aguascalientes ,Aguascalientes -Actividades primarias," 5,262 "," 5,187 "," 5,587 "," 5,753 "," 6,041 "," 6,566 "," 6,216 "," 6,517 "," 6,909 "," 7,251 "," 7,271 "," 7,782 "," 8,008 "," 8,266 "
Actividades primarias,Baja California ,Baja California -Actividades primarias," 11,068 "," 12,588 "," 12,936 "," 12,501 "," 11,854 "," 11,634 "," 13,218 "," 13,323 "," 13,184 "," 13,220 "," 14,182 "," 14,088 "," 14,811 "," 13,512 "
Actividades primarias,Baja California Sur ,Baja California Sur -Actividades primarias," 3,449 "," 3,210 "," 3,687 "," 3,415 "," 3,353 "," 3,265 "," 3,083 "," 3,805 "," 3,660 "," 3,896 "," 3,772 "," 4,662 "," 4,873 "," 4,911 "
Actividades primarias,Campeche ,Campeche -Actividades primarias," 3,010 "," 3,500 "," 3,296 "," 3,860 "," 2,935 "," 3,321 "," 3,544 "," 4,239 "," 3,803 "," 4,015 "," 4,031 "," 4,565 "," 4,859 "," 5,251 "
Actividades primarias,Coahuila de Zaragoza ,Coahuila de Zaragoza -Actividades primarias," 11,281 "," 12,051 "," 13,495 "," 12,460 "," 12,894 "," 12,417 "," 13,485 "," 13,637 "," 13,154 "," 13,283 "," 13,261 "," 14,401 "," 13,685 "," 13,069 "
Actividades primarias,Colima ,Colima -Actividades primarias," 4,468 "," 4,605 "," 4,459 "," 4,667 "," 4,866 "," 5,061 "," 4,162 "," 4,511 "," 4,796 "," 4,281 "," 4,400 "," 4,477 "," 4,352 "," 4,568 "
Actividades primarias,Chiapas ,Chiapas -Actividades primarias," 21,940 "," 20,618 "," 18,740 "," 19,720 "," 20,309 "," 19,961 "," 20,027 "," 20,757 "," 20,809 "," 20,576 "," 20,772 "," 19,843 "," 19,690 "," 19,953 "
Actividades primarias,Chihuahua ,Chihuahua -Actividades primarias," 21,365 "," 22,264 "," 22,406 "," 24,745 "," 26,363 "," 24,549 "," 25,321 "," 27,232 "," 25,441 "," 25,775 "," 29,129 "," 31,040 "," 32,793 "," 31,597 "
Actividades primarias,Ciudad de México ,Ciudad de México -Actividades primarias," 1,514 "," 1,364 "," 1,501 "," 1,312 "," 1,293 "," 1,219 "," 1,312 "," 1,296 "," 1,368 "," 1,342 "," 1,196 "," 1,216 "," 1,188 "," 1,214 "
Actividades primarias,Durango ,Durango -Actividades primarias," 17,492 "," 18,053 "," 15,835 "," 17,865 "," 17,451 "," 17,531 "," 18,055 "," 17,428 "," 16,101 "," 18,153 "," 18,811 "," 19,331 "," 18,917 "," 19,257 "
Actividades primarias,Guanajuato ,Guanajuato -Actividades primarias," 21,768 "," 23,299 "," 20,878 "," 20,308 "," 21,992 "," 22,506 "," 22,649 "," 22,062 "," 22,204 "," 21,877 "," 23,507 "," 23,775 "," 23,086 "," 23,715 "
Actividades primarias,Guerrero ,Guerrero -Actividades primarias," 10,983 "," 10,455 "," 10,817 "," 11,489 "," 11,577 "," 12,013 "," 11,609 "," 12,381 "," 12,281 "," 11,827 "," 10,922 "," 12,183 "," 11,438 "," 12,822 "
Actividades primarias,Hidalgo ,Hidalgo -Actividades primarias," 10,033 "," 10,026 "," 9,928 "," 10,950 "," 10,668 "," 10,900 "," 10,097 "," 10,304 "," 9,041 "," 10,407 "," 10,711 "," 10,748 "," 10,545 "," 10,625 "
Actividades primarias,Jalisco ,Jalisco -Actividades primarias," 45,267 "," 48,731 "," 46,694 "," 50,079 "," 53,075 "," 53,142 "," 50,839 "," 55,802 "," 52,704 "," 57,514 "," 57,477 "," 61,029 "," 62,301 "," 64,466 "
Actividades primarias,México ,México -Actividades primarias," 19,513 "," 20,342 "," 17,817 "," 19,393 "," 22,298 "," 20,585 "," 17,579 "," 19,126 "," 16,241 "," 19,621 "," 19,904 "," 20,831 "," 21,389 "," 22,511 "
Actividades primarias,Michoacán de Ocampo ,Michoacán de Ocampo -Actividades primarias," 32,804 "," 30,909 "," 30,183 "," 34,473 "," 36,053 "," 38,699 "," 35,964 "," 33,924 "," 38,108 "," 37,811 "," 39,538 "," 43,874 "," 42,843 "," 49,205 "
Actividades primarias,Morelos ,Morelos -Actividades primarias," 5,113 "," 5,236 "," 5,698 "," 5,725 "," 5,984 "," 5,229 "," 5,615 "," 5,823 "," 5,350 "," 5,223 "," 6,056 "," 5,693 "," 5,384 "," 5,887 "
Actividades primarias,Nayarit ,Nayarit -Actividades primarias," 6,335 "," 7,249 "," 7,112 "," 7,072 "," 7,690 "," 8,260 "," 7,374 "," 7,594 "," 8,483 "," 8,349 "," 7,865 "," 7,184 "," 7,143 "," 8,106 "
Actividades primarias,Nuevo León ,Nuevo León -Actividades primarias," 7,730 "," 7,385 "," 6,856 "," 6,813 "," 7,527 "," 6,889 "," 7,211 "," 7,725 "," 6,790 "," 6,905 "," 6,848 "," 6,849 "," 6,354 "," 6,110 "
Actividades primarias,Oaxaca ,Oaxaca -Actividades primarias," 11,683 "," 11,837 "," 11,404 "," 12,590 "," 12,712 "," 13,085 "," 13,283 "," 13,370 "," 13,123 "," 13,917 "," 14,507 "," 14,584 "," 14,452 "," 14,866 "
Actividades primarias,Puebla ,Puebla -Actividades primarias," 18,753 "," 19,166 "," 19,392 "," 20,228 "," 21,333 "," 21,285 "," 19,982 "," 20,963 "," 19,806 "," 22,128 "," 22,182 "," 22,048 "," 24,083 "," 23,906 "
Actividades primarias,Querétaro ,Querétaro -Actividades primarias," 6,499 "," 6,309 "," 5,560 "," 5,959 "," 6,742 "," 6,520 "," 6,394 "," 7,068 "," 6,613 "," 7,659 "," 7,861 "," 8,570 "," 9,083 "," 8,923 "
Actividades primarias,Quintana Roo ,Quintana Roo -Actividades primarias," 1,517 "," 1,648 "," 1,756 "," 1,972 "," 1,596 "," 1,338 "," 1,588 "," 1,930 "," 1,990 "," 1,889 "," 1,980 "," 1,934 "," 1,965 "," 1,896 "
Actividades primarias,San Luis Potosí ,San Luis Potosí -Actividades primarias," 9,115 "," 9,254 "," 9,352 "," 9,481 "," 9,784 "," 10,157 "," 9,399 "," 10,243 "," 9,085 "," 9,560 "," 11,505 "," 12,798 "," 12,717 "," 13,062 "
Actividades primarias,Sinaloa ,Sinaloa -Actividades primarias," 29,403 "," 34,595 "," 32,781 "," 37,269 "," 40,423 "," 39,832 "," 37,419 "," 33,660 "," 30,584 "," 36,054 "," 36,392 "," 36,998 "," 42,502 "," 45,741 "
Actividades primarias,Sonora ,Sonora -Actividades primarias," 24,566 "," 22,403 "," 24,960 "," 23,897 "," 27,050 "," 27,930 "," 28,031 "," 28,628 "," 27,827 "," 31,064 "," 29,942 "," 30,504 "," 33,302 "," 34,915 "
Actividades primarias,Tabasco ,Tabasco -Actividades primarias," 7,782 "," 8,730 "," 7,685 "," 8,278 "," 7,384 "," 7,263 "," 7,017 "," 7,148 "," 6,830 "," 7,693 "," 7,595 "," 7,514 "," 7,642 "," 7,759 "
Actividades primarias,Tamaulipas ,Tamaulipas -Actividades primarias," 14,657 "," 16,376 "," 14,854 "," 15,125 "," 16,634 "," 16,693 "," 16,254 "," 17,532 "," 15,589 "," 15,684 "," 14,374 "," 17,623 "," 16,007 "," 17,634 "
Actividades primarias,Tlaxcala ,Tlaxcala -Actividades primarias," 3,334 "," 2,770 "," 3,053 "," 3,226 "," 3,000 "," 3,585 "," 3,185 "," 3,559 "," 2,346 "," 3,558 "," 3,236 "," 3,363 "," 3,373 "," 3,282 "
Actividades primarias,Veracruz de Ignacio de la Llave ,Veracruz de Ignacio de la Llave -Actividades primarias," 39,098 "," 37,761 "," 34,804 "," 36,684 "," 37,075 "," 36,824 "," 37,917 "," 37,213 "," 37,996 "," 38,985 "," 40,751 "," 39,487 "," 41,562 "," 41,152 "
Actividades primarias,Yucatán ,Yucatán -Actividades primarias," 7,195 "," 8,310 "," 7,820 "," 8,407 "," 8,747 "," 7,818 "," 8,200 "," 8,534 "," 8,702 "," 8,920 "," 8,695 "," 9,084 "," 9,105 "," 9,306 "
Actividades primarias,Zacatecas ,Zacatecas -Actividades primarias," 11,472 "," 9,741 "," 8,005 "," 11,224 "," 9,978 "," 10,386 "," 10,125 "," 10,695 "," 8,744 "," 11,078 "," 12,232 "," 12,145 "," 11,749 "," 14,115 "
Actividades secundarias,Total nacional ,Total nacional -Actividades secundarias," 4,604,522 "," 4,781,936 "," 4,884,760 "," 5,086,480 "," 5,133,608 "," 5,079,734 "," 4,699,987 "," 4,913,184 "," 5,053,170 "," 5,196,910 "," 5,185,312 "," 5,318,303 "," 5,375,575 "," 5,399,343 "
Actividades secundarias,Aguascalientes ,Aguascalientes -Actividades secundarias," 43,926 "," 46,551 "," 47,603 "," 53,051 "," 60,931 "," 58,002 "," 55,709 "," 60,666 "," 62,344 "," 66,713 "," 69,597 "," 82,618 "," 83,232 "," 89,090 "
Actividades secundarias,Baja California ,Baja California -Actividades secundarias," 171,695 "," 185,062 "," 185,575 "," 200,379 "," 199,965 "," 194,806 "," 158,703 "," 165,601 "," 164,847 "," 169,745 "," 170,405 "," 176,454 "," 193,166 "," 198,124 "
Actividades secundarias,Baja California Sur ,Baja California Sur -Actividades secundarias," 21,687 "," 23,372 "," 23,291 "," 24,920 "," 31,602 "," 34,943 "," 37,857 "," 33,633 "," 34,058 "," 32,289 "," 30,272 "," 28,510 "," 38,490 "," 36,445 "
Actividades secundarias,Campeche ,Campeche -Actividades secundarias," 987,337 "," 995,878 "," 972,612 "," 945,550 "," 878,778 "," 795,329 "," 711,628 "," 681,559 "," 650,720 "," 636,347 "," 640,981 "," 603,563 "," 553,759 "," 519,828 "
Actividades secundarias,Coahuila de Zaragoza ,Coahuila de Zaragoza -Actividades secundarias," 241,604 "," 245,450 "," 246,635 "," 260,161 "," 272,421 "," 267,059 "," 199,970 "," 252,720 "," 274,894 "," 291,312 "," 276,370 "," 300,587 "," 297,442 "," 299,690 "
Actividades secundarias,Colima ,Colima -Actividades secundarias," 19,339 "," 18,047 "," 16,967 "," 18,477 "," 20,895 "," 20,810 "," 20,612 "," 21,973 "," 24,939 "," 25,347 "," 25,360 "," 24,780 "," 25,336 "," 25,378 "
Actividades secundarias,Chiapas ,Chiapas -Actividades secundarias," 81,795 "," 68,697 "," 67,798 "," 73,138 "," 69,331 "," 74,679 "," 75,769 "," 84,567 "," 85,043 "," 85,582 "," 76,770 "," 82,356 "," 75,935 "," 67,650 "
Actividades secundarias,Chihuahua ,Chihuahua -Actividades secundarias," 139,939 "," 148,417 "," 153,423 "," 167,675 "," 173,215 "," 172,747 "," 151,840 "," 154,263 "," 155,271 "," 176,408 "," 186,862 "," 191,643 "," 203,890 "," 218,457 "
Actividades secundarias,Ciudad de México ,Ciudad de México -Actividades secundarias," 287,794 "," 297,596 "," 299,595 "," 329,316 "," 319,064 "," 306,961 "," 297,600 "," 283,407 "," 297,198 "," 306,702 "," 290,198 "," 301,981 "," 282,440 "," 289,671 "
Actividades secundarias,Durango ,Durango -Actividades secundarias," 50,110 "," 50,706 "," 47,611 "," 48,038 "," 48,729 "," 49,537 "," 49,547 "," 50,604 "," 55,425 "," 56,364 "," 59,411 "," 61,003 "," 59,419 "," 61,416 "
Actividades secundarias,Guanajuato ,Guanajuato -Actividades secundarias," 149,363 "," 153,284 "," 153,070 "," 164,008 "," 163,303 "," 166,996 "," 157,349 "," 169,927 "," 182,392 "," 191,930 "," 206,340 "," 227,388 "," 248,411 "," 260,113 "
Actividades secundarias,Guerrero ,Guerrero -Actividades secundarias," 28,001 "," 30,732 "," 31,417 "," 33,701 "," 37,046 "," 39,943 "," 36,615 "," 38,657 "," 38,047 "," 39,337 "," 41,979 "," 45,351 "," 42,332 "," 43,866 "
Actividades secundarias,Hidalgo ,Hidalgo -Actividades secundarias," 65,079 "," 74,254 "," 71,022 "," 70,076 "," 74,125 "," 75,882 "," 69,871 "," 70,684 "," 72,820 "," 74,832 "," 75,662 "," 80,406 "," 86,750 "," 89,590 "
Actividades secundarias,Jalisco ,Jalisco -Actividades secundarias," 256,280 "," 257,616 "," 270,440 "," 289,306 "," 297,560 "," 287,316 "," 264,120 "," 283,245 "," 289,496 "," 301,333 "," 310,654 "," 333,438 "," 355,608 "," 363,485 "
Actividades secundarias,México ,México -Actividades secundarias," 333,113 "," 337,044 "," 340,529 "," 348,649 "," 351,912 "," 348,496 "," 322,572 "," 357,699 "," 371,543 "," 377,182 "," 382,416 "," 373,272 "," 375,789 "," 380,616 "
Actividades secundarias,Michoacán de Ocampo ,Michoacán de Ocampo -Actividades secundarias," 62,921 "," 67,432 "," 67,492 "," 69,989 "," 73,824 "," 73,008 "," 60,791 "," 66,485 "," 66,963 "," 67,719 "," 68,418 "," 74,365 "," 72,224 "," 70,031 "
Actividades secundarias,Morelos ,Morelos -Actividades secundarias," 53,200 "," 52,038 "," 60,805 "," 54,497 "," 55,524 "," 56,967 "," 60,724 "," 62,963 "," 58,398 "," 54,868 "," 55,778 "," 58,103 "," 55,567 "," 57,349 "
Actividades secundarias,Nayarit ,Nayarit -Actividades secundarias," 12,817 "," 20,621 "," 22,020 "," 21,054 "," 20,577 "," 22,934 "," 20,240 "," 20,078 "," 20,061 "," 20,655 "," 21,060 "," 24,523 "," 24,253 "," 25,102 "
Actividades secundarias,Nuevo León ,Nuevo León -Actividades secundarias," 303,750 "," 322,968 "," 342,797 "," 368,939 "," 392,755 "," 391,188 "," 361,886 "," 392,825 "," 401,705 "," 410,828 "," 407,371 "," 420,890 "," 447,587 "," 434,881 "
Actividades secundarias,Oaxaca ,Oaxaca -Actividades secundarias," 54,971 "," 56,427 "," 54,198 "," 54,586 "," 54,441 "," 58,287 "," 61,022 "," 59,467 "," 62,519 "," 63,785 "," 68,077 "," 69,924 "," 71,723 "," 67,465 "
Actividades secundarias,Puebla ,Puebla -Actividades secundarias," 128,317 "," 129,721 "," 147,166 "," 155,028 "," 163,319 "," 163,704 "," 140,227 "," 158,685 "," 169,474 "," 186,369 "," 172,756 "," 173,717 "," 178,668 "," 186,456 "
Actividades secundarias,Querétaro ,Querétaro -Actividades secundarias," 82,772 "," 90,154 "," 96,990 "," 100,792 "," 103,664 "," 102,607 "," 99,341 "," 107,725 "," 116,822 "," 120,843 "," 119,646 "," 134,309 "," 143,554 "," 151,289 "
Actividades secundarias,Quintana Roo ,Quintana Roo -Actividades secundarias," 18,094 "," 20,410 "," 25,216 "," 27,848 "," 27,856 "," 29,338 "," 26,522 "," 23,191 "," 24,081 "," 23,594 "," 25,477 "," 28,084 "," 26,670 "," 33,642 "
Actividades secundarias,San Luis Potosí ,San Luis Potosí -Actividades secundarias," 76,822 "," 83,296 "," 88,271 "," 92,616 "," 92,883 "," 96,216 "," 91,221 "," 95,901 "," 103,786 "," 112,442 "," 117,202 "," 119,581 "," 125,639 "," 130,074 "
Actividades secundarias,Sinaloa ,Sinaloa -Actividades secundarias," 54,453 "," 61,843 "," 58,720 "," 59,590 "," 66,000 "," 73,288 "," 70,805 "," 72,667 "," 72,556 "," 69,291 "," 68,644 "," 69,639 "," 73,705 "," 77,372 "
Actividades secundarias,Sonora ,Sonora -Actividades secundarias," 153,964 "," 167,917 "," 179,741 "," 199,853 "," 198,602 "," 193,866 "," 173,919 "," 179,472 "," 208,191 "," 218,907 "," 228,564 "," 230,412 "," 242,864 "," 264,434 "
Actividades secundarias,Tabasco ,Tabasco -Actividades secundarias," 246,556 "," 257,398 "," 282,578 "," 300,337 "," 306,778 "," 323,711 "," 350,471 "," 373,455 "," 390,965 "," 396,940 "," 381,270 "," 388,249 "," 378,484 "," 346,026 "
Actividades secundarias,Tamaulipas ,Tamaulipas -Actividades secundarias," 159,938 "," 170,067 "," 190,489 "," 196,104 "," 202,936 "," 219,839 "," 190,058 "," 185,239 "," 183,129 "," 183,669 "," 184,994 "," 185,020 "," 187,532 "," 178,559 "
Actividades secundarias,Tlaxcala ,Tlaxcala -Actividades secundarias," 36,490 "," 42,525 "," 31,010 "," 26,499 "," 27,399 "," 28,933 "," 29,194 "," 34,176 "," 30,452 "," 31,935 "," 28,332 "," 30,191 "," 34,321 "," 33,739 "
Actividades secundarias,Veracruz de Ignacio de la Llave ,Veracruz de Ignacio de la Llave -Actividades secundarias," 211,687 "," 230,022 "," 230,153 "," 247,922 "," 258,177 "," 254,258 "," 249,470 "," 257,279 "," 269,809 "," 284,937 "," 284,598 "," 276,655 "," 267,790 "," 276,966 "
Actividades secundarias,Yucatán ,Yucatán -Actividades secundarias," 41,181 "," 42,281 "," 45,806 "," 50,015 "," 52,509 "," 51,666 "," 52,441 "," 52,907 "," 54,252 "," 58,653 "," 54,506 "," 58,614 "," 59,566 "," 64,244 "
Actividades secundarias,Zacatecas ,Zacatecas -Actividades secundarias," 29,529 "," 34,110 "," 33,722 "," 34,367 "," 37,487 "," 46,416 "," 51,895 "," 61,466 "," 60,969 "," 60,051 "," 55,344 "," 62,678 "," 63,426 "," 58,295 "
Actividades terciarias,Total nacional ,Total nacional -Actividades terciarias," 7,509,115 "," 7,812,781 "," 8,023,613 "," 8,377,968 "," 8,634,174 "," 8,836,558 "," 8,472,404 "," 8,951,187 "," 9,352,965 "," 9,734,567 "," 9,946,402 "," 10,219,255 "," 10,656,325 "," 11,067,231 "
Actividades terciarias,Aguascalientes ,Aguascalientes -Actividades terciarias," 72,010 "," 74,816 "," 76,438 "," 79,308 "," 83,333 "," 86,382 "," 81,329 "," 85,022 "," 89,682 "," 93,741 "," 95,953 "," 101,680 "," 106,671 "," 119,347 "
Actividades terciarias,Baja California ,Baja California -Actividades terciarias," 216,752 "," 225,356 "," 234,498 "," 243,140 "," 249,762 "," 251,117 "," 235,825 "," 249,238 "," 262,670 "," 273,060 "," 280,938 "," 283,980 "," 298,116 "," 312,769 "
Actividades terciarias,Baja California Sur ,Baja California Sur -Actividades terciarias," 50,912 "," 54,965 "," 60,420 "," 65,321 "," 71,244 "," 70,767 "," 67,399 "," 73,218 "," 76,990 "," 81,161 "," 80,983 "," 80,997 "," 86,932 "," 91,790 "
Actividades terciarias,Campeche ,Campeche -Actividades terciarias," 57,164 "," 60,183 "," 62,626 "," 64,870 "," 65,863 "," 68,581 "," 65,586 "," 68,171 "," 71,981 "," 74,425 "," 76,073 "," 78,619 "," 79,465 "," 75,693 "
Actividades terciarias,Coahuila de Zaragoza ,Coahuila de Zaragoza -Actividades terciarias," 183,688 "," 191,643 "," 198,738 "," 207,867 "," 215,163 "," 218,851 "," 207,872 "," 223,594 "," 235,160 "," 244,957 "," 248,576 "," 251,422 "," 262,370 "," 271,114 "
Actividades terciarias,Colima ,Colima -Actividades terciarias," 43,926 "," 45,143 "," 46,833 "," 49,391 "," 51,765 "," 53,082 "," 51,673 "," 55,508 "," 58,211 "," 60,912 "," 61,663 "," 64,422 "," 66,161 "," 71,390 "
Actividades terciarias,Chiapas ,Chiapas -Actividades terciarias," 144,388 "," 149,061 "," 153,742 "," 155,557 "," 162,897 "," 163,650 "," 160,903 "," 165,665 "," 173,594 "," 178,575 "," 183,383 "," 192,569 "," 196,217 "," 201,089 "
Actividades terciarias,Chihuahua ,Chihuahua -Actividades terciarias," 199,123 "," 205,982 "," 213,382 "," 227,212 "," 235,073 "," 243,497 "," 223,918 "," 236,302 "," 246,718 "," 256,984 "," 260,299 "," 263,968 "," 276,516 "," 289,090 "
Actividades terciarias,Ciudad de México ,Ciudad de México -Actividades terciarias," 1,843,621 "," 1,927,990 "," 1,956,996 "," 2,044,096 "," 2,088,208 "," 2,142,211 "," 2,063,604 "," 2,162,208 "," 2,235,241 "," 2,325,890 "," 2,381,672 "," 2,433,390 "," 2,558,721 "," 2,683,185 "
Actividades terciarias,Durango ,Durango -Actividades terciarias," 85,321 "," 88,903 "," 91,556 "," 94,486 "," 96,530 "," 98,655 "," 95,482 "," 101,236 "," 104,788 "," 108,426 "," 110,830 "," 113,640 "," 117,505 "," 122,326 "
Actividades terciarias,Guanajuato ,Guanajuato -Actividades terciarias," 267,223 "," 274,370 "," 280,677 "," 293,331 "," 303,435 "," 313,523 "," 301,677 "," 325,180 "," 343,567 "," 357,115 "," 364,728 "," 372,022 "," 390,322 "," 407,785 "
Actividades terciarias,Guerrero ,Guerrero -Actividades terciarias," 143,730 "," 151,371 "," 152,986 "," 154,351 "," 156,257 "," 156,329 "," 153,016 "," 160,853 "," 164,150 "," 166,954 "," 165,911 "," 170,852 "," 178,284 "," 181,781 "
Actividades terciarias,Hidalgo ,Hidalgo -Actividades terciarias," 104,442 "," 107,270 "," 109,123 "," 114,378 "," 116,863 "," 122,019 "," 115,613 "," 125,316 "," 132,708 "," 137,558 "," 144,610 "," 150,296 "," 156,875 "," 164,027 "
Actividades terciarias,Jalisco ,Jalisco -Actividades terciarias," 493,411 "," 512,891 "," 524,995 "," 546,625 "," 562,505 "," 578,115 "," 555,360 "," 586,325 "," 610,949 "," 636,438 "," 650,448 "," 667,485 "," 691,682 "," 733,456 "
Actividades terciarias,México ,México -Actividades terciarias," 695,778 "," 716,455 "," 741,032 "," 782,660 "," 810,449 "," 829,063 "," 798,577 "," 849,989 "," 895,664 "," 943,192 "," 962,834 "," 1,007,918 "," 1,039,308 "," 1,075,459 "
Actividades terciarias,Michoacán de Ocampo ,Michoacán de Ocampo -Actividades terciarias," 198,744 "," 202,681 "," 208,351 "," 215,989 "," 218,395 "," 222,951 "," 220,248 "," 229,358 "," 238,205 "," 246,500 "," 251,510 "," 263,959 "," 275,534 "," 286,949 "
Actividades terciarias,Morelos ,Morelos -Actividades terciarias," 99,743 "," 102,461 "," 104,777 "," 107,956 "," 107,817 "," 107,476 "," 102,010 "," 106,199 "," 110,931 "," 115,626 "," 120,292 "," 120,349 "," 125,877 "," 128,561 "
Actividades terciarias,Nayarit ,Nayarit -Actividades terciarias," 56,954 "," 59,009 "," 61,138 "," 64,040 "," 63,409 "," 67,099 "," 65,425 "," 70,115 "," 72,159 "," 71,795 "," 74,703 "," 78,083 "," 83,581 "," 85,899 "
Actividades terciarias,Nuevo León ,Nuevo León -Actividades terciarias," 492,409 "," 519,489 "," 535,786 "," 571,086 "," 604,354 "," 622,290 "," 583,629 "," 624,634 "," 661,317 "," 696,085 "," 710,781 "," 735,234 "," 758,180 "," 787,753 "
Actividades terciarias,Oaxaca ,Oaxaca -Actividades terciarias," 136,311 "," 142,494 "," 148,075 "," 150,847 "," 152,663 "," 155,262 "," 150,206 "," 155,252 "," 159,314 "," 161,978 "," 162,932 "," 165,145 "," 173,391 "," 174,815 "
Actividades terciarias,Puebla ,Puebla -Actividades terciarias," 248,837 "," 257,021 "," 261,622 "," 271,946 "," 281,166 "," 283,980 "," 272,370 "," 290,320 "," 304,073 "," 315,729 "," 324,319 "," 330,661 "," 338,452 "," 347,514 "
Actividades terciarias,Querétaro ,Querétaro -Actividades terciarias," 122,836 "," 131,454 "," 140,761 "," 151,697 "," 161,216 "," 169,222 "," 164,576 "," 172,611 "," 185,431 "," 189,792 "," 192,482 "," 203,522 "," 219,409 "," 225,409 "
Actividades terciarias,Quintana Roo ,Quintana Roo -Actividades terciarias," 124,622 "," 134,883 "," 136,710 "," 144,545 "," 163,453 "," 172,342 "," 157,561 "," 170,028 "," 179,983 "," 190,227 "," 197,816 "," 202,927 "," 215,504 "," 227,221 "
Actividades terciarias,San Luis Potosí ,San Luis Potosí -Actividades terciarias," 138,344 "," 144,914 "," 149,618 "," 156,553 "," 161,649 "," 163,651 "," 155,226 "," 163,254 "," 171,011 "," 175,292 "," 179,190 "," 182,453 "," 193,637 "," 203,242 "
Actividades terciarias,Sinaloa ,Sinaloa -Actividades terciarias," 184,391 "," 188,221 "," 194,207 "," 198,093 "," 199,199 "," 203,260 "," 194,842 "," 206,328 "," 215,623 "," 224,846 "," 229,061 "," 234,146 "," 245,146 "," 257,996 "
Actividades terciarias,Sonora ,Sonora -Actividades terciarias," 187,003 "," 194,165 "," 200,180 "," 205,876 "," 209,745 "," 214,921 "," 208,424 "," 223,402 "," 235,492 "," 245,955 "," 251,809 "," 259,745 "," 263,664 "," 270,825 "
Actividades terciarias,Tabasco ,Tabasco -Actividades terciarias," 120,553 "," 125,115 "," 130,816 "," 136,695 "," 139,917 "," 144,229 "," 138,456 "," 144,409 "," 151,957 "," 159,371 "," 164,764 "," 167,086 "," 172,805 "," 169,829 "
Actividades terciarias,Tamaulipas ,Tamaulipas -Actividades terciarias," 216,979 "," 223,670 "," 231,148 "," 238,381 "," 244,438 "," 246,818 "," 233,427 "," 245,444 "," 258,050 "," 267,018 "," 273,873 "," 277,713 "," 289,571 "," 292,907 "
Actividades terciarias,Tlaxcala ,Tlaxcala -Actividades terciarias," 43,431 "," 44,495 "," 45,216 "," 48,164 "," 48,620 "," 50,730 "," 49,360 "," 51,075 "," 53,233 "," 54,426 "," 56,090 "," 57,259 "," 59,232 "," 60,644 "
Actividades terciarias,Veracruz de Ignacio de la Llave ,Veracruz de Ignacio de la Llave -Actividades terciarias," 362,806 "," 376,076 "," 383,950 "," 399,951 "," 410,356 "," 413,231 "," 401,594 "," 423,656 "," 439,012 "," 455,808 "," 456,008 "," 470,911 "," 489,654 "," 493,425 "
Actividades terciarias,Yucatán ,Yucatán -Actividades terciarias," 113,260 "," 118,423 "," 123,282 "," 127,041 "," 129,961 "," 133,675 "," 128,724 "," 134,709 "," 139,940 "," 147,128 "," 152,587 "," 156,051 "," 164,433 "," 168,455 "
Actividades terciarias,Zacatecas ,Zacatecas -Actividades terciarias," 60,405 "," 61,814 "," 63,934 "," 66,518 "," 68,471 "," 69,581 "," 68,492 "," 72,570 "," 75,164 "," 77,599 "," 79,282 "," 80,751 "," 83,110 "," 85,488 "
,,,,,,,,,,,,,,,,
,,,,,,,,,,,,,,,,
Cifras preliminares: p/ A partir de 2015,,,,,,,,,,,,,,,,
Fuente: INEGI. Sistema de Cuentas Nacionales de México.,,,,,,,,,,,,,,,,
,,,,,,,,,,,,,,,,
Fecha de consulta: 10/07/2018 12:10:54,,,,,,,,,,,,,,,,
